id_assessment,id_student,date_submitted,is_banked,score
1752,11391,18,0,78
1752,28400,22,0,70
1752,31604,17,0,72
1752,32885,26,0,69
1752,38053,19,0,79
1752,45462,20,0,70
1752,45642,18,0,72
1752,52130,19,0,72
1752,53025,9,0,71
1752,57506,18,0,68
1752,58873,19,0,73
1752,59185,18,0,67
1752,62155,17,0,73
1752,63400,19,0,83
1752,65002,17,0,66
1752,70464,19,0,59
1752,71361,19,0,82
1752,74372,22,0,60
1752,75091,18,0,67
1752,77367,18,0,73
1752,91265,21,0,75
1752,94961,17,0,74
1752,98094,18,0,62
1752,100893,17,0,63
1752,101781,16,0,84
1752,102806,19,0,80
1752,102952,19,0,76
1752,104476,30,0,85
1752,106247,32,0,67
1752,106577,18,0,57
1752,110175,18,0,66
1752,111717,10,0,80
1752,113295,19,0,81
1752,114017,18,0,66
1752,114999,18,0,74
1752,116541,19,0,76
1752,116692,16,0,72
1752,118983,19,0,73
1752,123044,25,0,75
1752,127582,26,0,69
1752,129955,18,0,85
1752,132976,18,0,63
1752,134143,18,0,87
1752,135400,19,0,72
1752,137873,15,0,72
1752,141355,19,0,77
1752,141377,54,0,45
1752,142326,17,0,65
1752,144801,19,0,61
1752,145130,19,0,75
1752,146188,19,0,52
1752,147756,18,0,77
1752,147793,32,0,52
1752,148993,25,0,68
1752,151358,17,0,54
1752,155550,19,0,75
1752,155854,18,0,82
1752,155984,19,0,85
1752,157568,18,0,79
1752,159954,19,0,65
1752,164259,18,0,82
1752,167906,19,0,60
1752,168936,19,0,76
1752,172112,19,0,60
1752,172797,18,0,60
1752,174782,17,0,83
1752,175392,16,0,85
1752,175932,18,0,76
1752,175991,15,0,51
1752,180753,18,0,61
1752,181316,20,0,76
1752,183096,19,0,57
1752,183947,19,0,67
1752,184271,18,0,65
1752,185439,24,0,74
1752,186149,33,0,85
1752,187100,17,0,88
1752,188278,19,0,76
1752,189879,19,0,76
1752,192183,19,0,75
1752,200860,18,0,69
1752,202635,27,0,68
1752,205350,19,0,75
1752,205719,19,0,67
1752,227499,19,0,84
1752,227517,18,0,63
1752,228082,19,0,58
1752,228222,19,0,71
1752,229179,19,0,64
1752,229361,18,0,81
1752,231554,19,0,80
1752,235507,18,0,65
1752,236284,23,0,85
1752,238007,19,0,83
1752,240712,19,0,82
1752,240884,18,0,74
1752,241649,16,0,85
1752,241729,19,0,51
1752,242793,18,0,66
1752,246834,18,0,60
1752,248270,19,0,77
1752,255548,19,0,84
1752,256815,37,0,71
1752,258392,18,0,58
1752,258894,19,0,58
1752,260355,21,0,55
1752,262011,18,0,60
1752,262934,18,0,81
1752,268073,18,0,64
1752,268733,29,0,51
1752,271251,19,0,80
1752,277880,20,0,70
1752,279572,18,0,79
1752,281022,18,0,70
1752,281250,18,0,63
1752,282821,19,0,61
1752,286488,18,0,55
1752,287548,21,0,69
1752,290201,18,0,78
1752,290757,18,0,75
1752,291334,18,0,85
1752,294570,16,0,72
1752,294594,18,0,61
1752,295741,18,0,38
1752,296332,18,0,91
1752,298696,19,0,77
1752,300398,20,0,82
1752,302302,18,0,58
1752,305152,19,0,64
1752,305386,19,0,75
1752,306107,18,0,73
1752,306466,7,0,81
1752,306897,16,0,72
1752,307061,19,0,82
1752,307866,19,0,47
1752,311917,18,0,55
1752,312537,19,0,88
1752,312782,18,0,89
1752,318933,16,0,70
1752,319047,26,0,77
1752,321942,17,0,82
1752,324002,19,0,85
1752,324084,16,0,58
1752,324282,18,0,38
1752,331358,18,0,84
1752,332789,18,0,69
1752,333059,19,0,72
1752,333323,19,0,77
1752,334259,19,0,57
1752,334333,18,0,36
1752,335764,19,0,86
1752,336207,17,0,71
1752,339972,16,0,68
1752,341872,58,0,64
1752,342007,20,0,75
1752,342514,12,0,68
1752,342972,14,0,62
1752,343446,19,0,74
1752,344282,18,0,61
1752,345068,19,0,70
1752,345357,16,0,75
1752,346025,19,0,85
1752,350188,19,0,75
1752,357668,19,0,49
1752,364177,15,0,64
1752,365244,19,0,64
1752,365642,15,0,68
1752,366483,18,0,88
1752,368194,19,0,54
1752,368824,18,0,61
1752,368963,20,0,58
1752,376439,19,0,86
1752,376581,18,0,86
1752,380953,17,0,73
1752,383254,18,0,74
1752,386924,26,0,59
1752,386952,19,0,67
1752,388722,21,0,65
1752,388885,19,0,51
1752,390890,19,0,75
1752,392756,19,0,53
1752,392931,29,0,65
1752,393207,18,0,68
1752,396872,19,0,63
1752,398552,17,0,54
1752,401869,19,0,55
1752,402470,16,0,80
1752,404804,18,0,52
1752,405088,19,0,85
1752,414117,18,0,81
1752,415969,20,0,67
1752,420087,20,0,80
1752,429958,19,0,59
1752,441018,18,0,54
1752,441888,20,0,74
1752,442442,19,0,39
1752,444677,19,0,91
1752,470588,19,0,86
1752,489455,15,0,74
1752,495284,18,0,73
1752,498857,19,0,77
1752,508818,19,0,73
1752,512460,19,0,59
1752,544103,18,0,82
1752,550383,19,0,77
1752,564450,18,0,64
1752,568601,19,0,85
1752,572652,19,0,71
1752,580389,19,0,75
1752,588775,18,0,85
1752,591774,19,0,88
1752,603861,19,0,61
1752,606143,19,0,78
1752,704156,18,0,67
1752,705379,19,0,81
1752,721259,22,0,?
1752,749412,16,0,83
1752,760729,18,0,80
1752,905042,17,0,64
1752,949618,18,0,63
1752,958987,18,0,78
1752,968578,27,0,62
1752,969076,18,0,82
1752,971027,19,0,76
1752,978739,18,0,59
1752,1035023,19,0,73
1752,1105478,19,0,90
1752,1352868,19,0,66
1752,1401935,26,0,45
1752,1402638,21,0,77
1752,1414443,50,0,58
1752,1465690,19,0,85
1752,1472925,30,0,61
1752,1488959,20,0,67
1752,1518989,19,0,78
1752,1618738,19,0,84
1752,1620151,19,0,85
1752,1626710,17,0,82
1752,1640609,16,0,83
1752,1686521,17,0,68
1752,1729319,19,0,80
1752,1746134,18,0,83
1752,1758449,18,0,65
1752,1765788,19,0,57
1752,1801229,19,0,79
1752,1801641,18,0,72
1752,1847830,18,0,83
1752,1860318,19,0,57
1752,1889511,22,0,72
1752,1889577,19,0,72
1752,1894188,14,0,76
1752,1938355,10,0,82
1752,1942396,19,0,50
1752,1970390,21,0,78
1752,1976139,17,0,75
1752,2011876,19,0,79
1752,2012966,19,0,75
1752,2051699,19,0,62
1752,2062879,18,0,56
1752,2065691,36,0,30
1752,2073016,23,0,60
1752,2080474,19,0,88
1752,2083877,19,0,72
1752,2084066,21,0,65
1752,2104505,18,0,80
1752,2122180,23,0,86
1752,2139353,23,0,65
1752,2143752,19,0,50
1752,2146792,19,0,68
1752,2153153,18,0,61
1752,2155014,22,0,76
1752,2164705,18,0,70
1752,2171627,15,0,71
1752,2182846,18,0,65
1752,2194100,17,0,64
1752,2197016,9,0,75
1752,2208424,16,0,73
1752,2229865,18,0,73
1752,2255601,19,0,71
1752,2268379,19,0,80
1752,2278464,18,0,60
1752,2293923,19,0,72
1752,2312620,26,0,11
1752,2329342,19,0,56
1752,2339528,25,0,76
1752,2342426,24,0,70
1752,2344901,19,0,67
1752,2358056,19,0,56
1752,2358969,19,0,68
1752,2364471,25,0,90
1752,2367155,19,0,63
1752,2369266,19,0,50
1752,2376496,19,0,64
1752,2391984,20,0,75
1752,2411661,18,0,55
1752,2411778,14,0,77
1752,2412002,20,0,86
1752,2412967,19,0,80
1752,2429854,24,0,51
1752,2437837,17,0,67
1752,2449878,22,0,66
1752,2456480,23,0,40
1752,2457256,19,0,60
1752,2458355,19,0,88
1752,2460080,18,0,85
1752,2461190,19,0,62
1752,2479954,19,0,77
1752,2481901,17,0,82
1752,2482700,17,0,63
1752,2486127,18,0,70
1752,2498700,22,0,74
1752,2516503,18,0,82
1752,2518069,17,0,74
1752,2521459,19,0,63
1752,2523736,26,0,58
1752,2529279,15,0,71
1752,2532302,18,0,69
1752,2536991,19,0,72
1752,2550279,19,0,62
1752,2551220,19,0,77
1752,2552472,33,0,62
1752,2555340,18,0,94
1752,2557283,18,0,75
1752,2559575,18,0,54
1752,2562034,19,0,70
1752,2566163,18,0,87
1752,2566592,17,0,86
1752,2574528,19,0,63
1752,2574583,19,0,66
1752,2576122,18,0,64
1752,2578995,15,0,75
1752,2586560,18,0,75
1752,2594139,20,0,87
1752,2598871,17,0,66
1752,2599352,23,0,80
1752,2600688,19,0,64
1752,2606098,15,0,70
1752,2613116,18,0,68
1752,2617002,26,0,67
1752,2639449,19,0,67
1752,2639540,26,0,76
1752,2639641,18,0,66
1752,2641155,19,0,78
1752,2643002,19,0,49
1752,2645733,19,0,87
1752,2649826,14,0,75
1752,2650282,19,0,83
1752,2664024,22,0,48
1752,2666246,19,0,76
1752,2669816,17,0,67
1752,2671132,18,0,59
1752,2676809,17,0,46
1752,2678643,19,0,83
1752,2685865,19,0,74
1752,2688067,19,0,70
1752,2689958,19,0,86
1752,2691206,19,0,86
1752,2694424,17,0,89
1752,2698257,22,0,58
1753,704156,56,0,68
1753,705379,53,0,83
1753,749412,51,0,61
1753,760729,52,0,80
1753,905042,53,0,73
1753,949618,53,0,63
1753,958987,54,0,78
1753,968578,54,0,77
1753,969076,53,0,62
1753,971027,53,0,68
1753,978739,54,0,58
1753,1035023,54,0,65
1753,1105478,54,0,85
1753,1352868,64,0,65
1753,1401935,61,0,25
1753,1402638,70,0,68
1753,1414443,106,0,60
1753,1465690,54,0,76
1753,1472925,53,0,54
1753,1488959,57,0,64
1753,1518989,54,0,77
1753,1618738,54,0,83
1753,1626710,53,0,85
1753,1640609,53,0,86
1753,1729319,54,0,78
1753,1746134,53,0,87
1753,1758449,54,0,57
1753,1765788,59,0,63
1753,1801229,61,0,76
1753,1801641,53,0,74
1753,1847830,53,0,60
1753,1860318,54,0,72
1753,1889511,54,0,69
1753,1889577,58,0,69
1753,1894188,51,0,67
1753,1938355,48,0,50
1753,1942396,62,0,50
1753,1970390,64,0,90
1753,1976139,53,0,76
1753,2011876,54,0,71
1753,2012966,53,0,76
1753,2051699,55,0,71
1753,2062879,54,0,55
1753,2065691,48,0,40
1753,2073016,54,0,53
1753,2080474,54,0,64
1753,2083877,61,0,64
1753,2084066,62,0,60
1753,2104505,54,0,69
1753,2122180,61,0,80
1753,2139353,59,0,62
1753,2143752,53,0,56
1753,2146792,54,0,60
1753,2153153,53,0,67
1753,2155014,62,0,64
1753,2171627,50,0,67
1753,2182846,51,0,63
1753,2194100,52,0,61
1753,2197016,51,0,75
1753,2208424,53,0,57
1753,2229865,53,0,76
1753,2255601,58,0,38
1753,2268379,61,0,79
1753,2278464,68,0,50
1753,2293923,54,0,59
1753,2312620,54,0,51
1753,2329342,69,0,54
1753,2339528,54,0,74
1753,2342426,54,0,67
1753,2344901,54,0,45
1753,2358056,54,0,60
1753,2364471,62,0,85
1753,2367155,58,0,85
1753,2369266,53,0,50
1753,2376496,54,0,72
1753,2391984,57,0,74
1753,2411661,53,0,57
1753,2411778,52,0,83
1753,2412002,67,0,72
1753,2412967,54,0,77
1753,2437837,53,0,77
1753,2449878,58,0,60
1753,2456480,54,0,34
1753,2457256,59,0,60
1753,2458355,54,0,86
1753,2460080,62,0,86
1753,2461190,56,0,50
1753,2469673,53,0,51
1753,2470694,55,0,67
1753,2479954,58,0,83
1753,2481901,53,0,72
1753,2482700,57,0,50
1753,2486127,52,0,67
1753,2498700,54,0,76
1753,2516503,54,0,75
1753,2518069,52,0,75
1753,2521459,62,0,50
1753,2523736,63,0,64
1753,2529279,49,0,80
1753,2532302,47,0,72
1753,2536991,54,0,72
1753,2550279,54,0,59
1753,2551220,62,0,54
1753,2552472,75,0,45
1753,2555340,52,0,75
1753,2557283,53,0,72
1753,2559575,53,0,64
1753,2562034,62,0,62
1753,2566163,53,0,55
1753,2566592,54,0,57
1753,2574528,54,0,72
1753,2574583,57,0,71
1753,2578995,54,0,84
1753,2586560,53,0,65
1753,2594139,64,0,73
1753,2598871,52,0,66
1753,2599352,54,0,75
1753,2600688,57,0,72
1753,2606098,53,0,70
1753,2613116,52,0,70
1753,2617002,60,0,53
1753,2639449,55,0,68
1753,2639540,54,0,78
1753,2639641,54,0,59
1753,2641155,53,0,81
1753,2643002,60,0,64
1753,2645733,54,0,81
1753,2649826,48,0,82
1753,2650282,55,0,84
1753,2664024,61,0,58
1753,2666246,53,0,76
1753,2669816,53,0,68
1753,2671132,54,0,69
1753,2676809,95,0,36
1753,2678643,55,0,80
1753,2685865,54,0,77
1753,2688067,54,0,62
1753,2689958,54,0,78
1753,2691206,54,0,85
1753,2691244,61,0,57
1753,2694424,53,0,74
1753,2698257,54,0,64
1753,11391,53,0,85
1753,28400,52,0,68
1753,31604,51,0,71
1753,32885,75,0,30
1753,38053,64,0,69
1753,45462,54,0,65
1753,45642,57,0,72
1753,52130,54,0,68
1753,53025,52,0,80
1753,57506,53,0,76
1753,58873,54,0,74
1753,59185,53,0,71
1753,62155,50,0,85
1753,63400,54,0,42
1753,65002,51,0,68
1753,70464,52,0,60
1753,71361,53,0,86
1753,74372,54,0,18
1753,75091,52,0,66
1753,77367,54,0,76
1753,91265,64,0,74
1753,98094,49,0,59
1753,100893,50,0,68
1753,101781,52,0,64
1753,102806,54,0,86
1753,102952,52,0,70
1753,104476,62,0,78
1753,106247,64,0,66
1753,106577,54,0,51
1753,110175,55,0,61
1753,113295,61,0,77
1753,114017,53,0,76
1753,114999,52,0,79
1753,116541,75,0,66
1753,116692,47,0,77
1753,118983,54,0,63
1753,123044,54,0,72
1753,127582,61,0,66
1753,129955,54,0,82
1753,132976,53,0,65
1753,134143,53,0,83
1753,135400,49,0,51
1753,137873,54,0,81
1753,141355,54,0,74
1753,142326,65,0,76
1753,144801,56,0,64
1753,145130,54,0,37
1753,146188,61,0,53
1753,147756,53,0,72
1753,148993,63,0,70
1753,151358,52,0,48
1753,155550,54,0,66
1753,155854,53,0,79
1753,155984,90,0,75
1753,157568,66,0,81
1753,159954,61,0,68
1753,164259,53,0,58
1753,167906,54,0,58
1753,168936,54,0,79
1753,172112,68,0,67
1753,172797,53,0,54
1753,174782,52,0,79
1753,175392,53,0,74
1753,175932,57,0,73
1753,175991,116,0,28
1753,180753,53,0,59
1753,183096,57,0,53
1753,183947,54,0,33
1753,184271,53,0,62
1753,186149,68,0,81
1753,187100,52,0,90
1753,189879,60,0,85
1753,192183,58,0,66
1753,200860,53,0,58
1753,202635,63,0,70
1753,205350,54,0,59
1753,205719,58,0,63
1753,227499,53,0,83
1753,227517,54,0,67
1753,228082,54,0,68
1753,228222,61,0,45
1753,229179,54,0,68
1753,229361,53,0,76
1753,231554,54,0,62
1753,236284,54,0,84
1753,238007,54,0,73
1753,240712,54,0,81
1753,240884,53,0,54
1753,241649,42,0,66
1753,241729,64,0,55
1753,242793,53,0,75
1753,246834,54,0,56
1753,248270,61,0,79
1753,255548,61,0,75
1753,256815,54,0,75
1753,258392,60,0,57
1753,258894,67,0,65
1753,260355,59,0,60
1753,262011,54,0,79
1753,262934,53,0,80
1753,268073,50,0,78
1753,271251,54,0,62
1753,277880,72,0,65
1753,279572,54,0,82
1753,281022,58,0,72
1753,281250,52,0,57
1753,282821,63,0,53
1753,286488,54,0,73
1753,287548,53,0,70
1753,290201,61,0,69
1753,290757,53,0,74
1753,291334,60,0,84
1753,293699,54,0,55
1753,294570,50,0,82
1753,294594,53,0,53
1753,295741,53,0,52
1753,296332,52,0,95
1753,298696,68,0,70
1753,300398,48,0,80
1753,302302,59,0,59
1753,305386,54,0,76
1753,306107,54,0,46
1753,306466,53,0,78
1753,306897,50,0,73
1753,307061,54,0,76
1753,307866,54,0,52
1753,311917,51,0,46
1753,312537,54,0,90
1753,312782,53,0,54
1753,318933,53,0,63
1753,319047,54,0,75
1753,321942,53,0,80
1753,324002,53,0,69
1753,324084,59,0,35
1753,324282,53,0,58
1753,332789,54,0,77
1753,333059,54,0,70
1753,333323,54,0,78
1753,335764,59,0,87
1753,336207,51,0,67
1753,339972,52,0,44
1753,341872,92,0,64
1753,342514,51,0,74
1753,342972,58,0,57
1753,343446,59,0,77
1753,344282,53,0,53
1753,345068,61,0,75
1753,345357,53,0,70
1753,346025,52,0,75
1753,350188,54,0,75
1753,357668,54,0,63
1753,364177,53,0,65
1753,365244,54,0,53
1753,365642,53,0,63
1753,366483,52,0,70
1753,368194,69,0,49
1753,368824,53,0,68
1753,368963,53,0,59
1753,376439,54,0,77
1753,376581,61,0,60
1753,380953,53,0,58
1753,383254,51,0,69
1753,386924,53,0,65
1753,386952,57,0,63
1753,388722,53,0,54
1753,388885,54,0,75
1753,390890,57,0,80
1753,392756,54,0,25
1753,392931,54,0,63
1753,393207,53,0,74
1753,396872,54,0,62
1753,398552,54,0,49
1753,401869,54,0,62
1753,402470,53,0,74
1753,404804,50,0,45
1753,405088,54,0,72
1753,414117,54,0,72
1753,415969,60,0,52
1753,420087,55,0,76
1753,429958,54,0,56
1753,441018,53,0,60
1753,441888,53,0,64
1753,442442,54,0,42
1753,444677,54,0,89
1753,489455,51,0,68
1753,495284,53,0,59
1753,498857,54,0,68
1753,508818,54,0,78
1753,512460,51,0,78
1753,544103,53,0,80
1753,550383,54,0,41
1753,564450,53,0,53
1753,568601,60,0,78
1753,572652,54,0,73
1753,580389,54,0,75
1753,581129,54,0,15
1753,588775,52,0,81
1753,591774,54,0,75
1753,603861,59,0,56
1753,606143,54,0,54
1754,564450,114,0,64
1754,572652,146,0,78
1754,580389,117,0,72
1754,581129,117,0,65
1754,588775,116,0,81
1754,591774,117,0,80
1754,603861,117,0,58
1754,704156,117,0,69
1754,705379,115,0,82
1754,749412,112,0,73
1754,760729,115,0,81
1754,905042,116,0,85
1754,949618,116,0,63
1754,958987,116,0,75
1754,968578,120,0,73
1754,969076,117,0,59
1754,971027,116,0,73
1754,978739,117,0,50
1754,1035023,116,0,72
1754,1105478,120,0,80
1754,1402638,120,0,76
1754,1465690,116,0,85
1754,1472925,124,0,64
1754,1488959,117,0,63
1754,1518989,117,0,70
1754,1618738,115,0,81
1754,1620151,121,0,70
1754,1626710,115,0,86
1754,1640609,116,0,85
1754,1729319,117,0,78
1754,1746134,106,0,81
1754,1765788,117,0,67
1754,1801229,117,0,73
1754,1801641,116,0,80
1754,1847830,116,0,75
1754,1860318,117,0,62
1754,1889511,124,0,77
1754,1889577,117,0,84
1754,1894188,111,0,70
1754,1938355,110,0,85
1754,1942396,117,0,40
1754,1970390,122,0,90
1754,1976139,116,0,78
1754,2011876,117,0,78
1754,2012966,116,0,78
1754,2051699,117,0,64
1754,2062879,116,0,65
1754,2065691,85,0,37
1754,2073016,139,0,68
1754,2080474,116,0,72
1754,2083877,123,0,68
1754,2084066,130,0,62
1754,2104505,117,0,49
1754,2122180,117,0,82
1754,2139353,121,0,71
1754,2143752,116,0,52
1754,2146792,117,0,78
1754,2153153,116,0,71
1754,2155014,114,0,73
1754,2171627,113,0,72
1754,2182846,114,0,64
1754,2194100,116,0,66
1754,2197016,114,0,76
1754,2208424,116,0,81
1754,2229865,116,0,75
1754,2268379,117,0,83
1754,2278464,116,0,58
1754,2293923,123,0,52
1754,2312620,120,0,34
1754,2329342,124,0,60
1754,2339528,117,0,84
1754,2342426,117,0,71
1754,2344901,130,0,35
1754,2358056,117,0,79
1754,2364471,118,0,85
1754,2367155,117,0,80
1754,2369266,116,0,40
1754,2376496,116,0,70
1754,2391984,118,0,75
1754,2411661,122,0,40
1754,2412002,135,0,81
1754,2412967,117,0,80
1754,2437837,116,0,69
1754,2449878,122,0,57
1754,2456480,123,0,0
1754,2457256,118,0,85
1754,2458355,117,0,95
1754,2460080,117,0,77
1754,2469673,116,0,52
1754,2479954,117,0,82
1754,2481901,116,0,83
1754,2482700,117,0,52
1754,2486127,106,0,76
1754,2498700,117,0,77
1754,2516503,117,0,82
1754,2518069,118,0,80
1754,2521459,117,0,54
1754,2523736,127,0,62
1754,2529279,116,0,75
1754,2532302,78,0,64
1754,2536991,120,0,80
1754,2550279,124,0,62
1754,2551220,117,0,67
1754,2555340,116,0,70
1754,2557283,116,0,88
1754,2559575,115,0,85
1754,2562034,117,0,60
1754,2566163,117,0,65
1754,2566592,115,0,60
1754,2574528,112,0,78
1754,2574583,124,0,75
1754,2578995,117,0,81
1754,2586560,115,0,84
1754,2594139,134,0,79
1754,2598871,116,0,78
1754,2599352,121,0,77
1754,2600688,115,0,72
1754,2606098,121,0,71
1754,2613116,116,0,85
1754,2617002,117,0,67
1754,2639449,123,0,49
1754,2639540,117,0,80
1754,2639641,108,0,58
1754,2641155,116,0,79
1754,2643002,126,0,59
1754,2645733,115,0,83
1754,2649826,107,0,85
1754,2650282,117,0,85
1754,2664024,117,0,64
1754,2666246,116,0,74
1754,2669816,115,0,66
1754,2671132,116,0,78
1754,2676809,117,0,48
1754,2678643,118,0,66
1754,2685865,117,0,83
1754,2688067,117,0,63
1754,2689958,117,0,80
1754,2691206,117,0,78
1754,2691244,114,0,60
1754,2694424,116,0,80
1754,2698257,124,0,76
1754,11391,115,0,80
1754,28400,121,0,70
1754,31604,115,0,74
1754,32885,124,0,63
1754,38053,117,0,74
1754,45462,117,0,62
1754,45642,116,0,72
1754,52130,117,0,75
1754,53025,114,0,78
1754,57506,116,0,78
1754,58873,119,0,68
1754,59185,117,0,78
1754,62155,114,0,75
1754,63400,117,0,78
1754,70464,115,0,60
1754,71361,117,0,82
1754,74372,120,0,67
1754,75091,116,0,67
1754,77367,115,0,72
1754,91265,122,0,75
1754,98094,106,0,59
1754,100893,116,0,71
1754,101781,116,0,75
1754,102806,117,0,86
1754,102952,117,0,83
1754,104476,117,0,80
1754,106247,115,0,47
1754,106577,117,0,56
1754,110175,116,0,68
1754,111717,117,0,80
1754,113295,113,0,77
1754,114017,116,0,74
1754,114999,123,0,77
1754,116541,131,0,60
1754,116692,114,0,72
1754,118983,117,0,65
1754,123044,117,0,72
1754,127582,117,0,71
1754,129955,127,0,76
1754,132976,116,0,75
1754,134143,116,0,85
1754,137873,117,0,83
1754,141355,117,0,70
1754,142326,117,0,74
1754,144801,117,0,65
1754,145130,127,0,49
1754,146188,117,0,62
1754,147756,123,0,75
1754,148993,122,0,78
1754,151358,108,0,45
1754,155550,117,0,68
1754,155854,116,0,79
1754,157568,138,0,74
1754,164259,116,0,78
1754,167906,124,0,82
1754,168936,117,0,62
1754,172112,124,0,74
1754,172797,119,0,67
1754,174782,115,0,77
1754,175392,116,0,82
1754,175932,119,0,78
1754,175991,116,0,42
1754,180753,113,0,44
1754,183096,117,0,51
1754,183947,118,0,48
1754,184271,117,0,65
1754,186149,127,0,78
1754,187100,115,0,88
1754,189879,114,0,83
1754,192183,116,0,68
1754,195262,118,0,50
1754,200860,114,0,59
1754,202635,131,0,62
1754,205350,117,0,87
1754,205719,124,0,40
1754,227499,116,0,84
1754,227517,116,0,66
1754,228082,117,0,77
1754,228222,131,0,67
1754,229179,115,0,70
1754,229361,116,0,75
1754,231554,118,0,63
1754,236284,117,0,83
1754,238007,117,0,68
1754,240712,117,0,80
1754,240884,115,0,56
1754,241649,115,0,80
1754,241729,114,0,62
1754,242793,116,0,77
1754,246834,117,0,58
1754,248270,116,0,74
1754,255548,119,0,84
1754,256815,123,0,79
1754,258392,117,0,64
1754,258894,117,0,75
1754,260355,127,0,?
1754,262011,117,0,70
1754,262934,116,0,75
1754,268073,113,0,83
1754,268733,118,0,35
1754,271251,117,0,72
1754,277880,119,0,68
1754,279572,110,0,73
1754,281022,117,0,74
1754,281250,116,0,65
1754,282821,127,0,72
1754,286488,118,0,77
1754,287548,116,0,60
1754,290201,117,0,75
1754,290757,116,0,76
1754,291334,116,0,85
1754,293699,125,0,53
1754,294570,114,0,78
1754,294594,116,0,54
1754,295741,115,0,52
1754,296332,114,0,94
1754,298696,117,0,85
1754,300398,100,0,79
1754,302302,117,0,59
1754,305386,117,0,83
1754,306107,116,0,62
1754,306466,116,0,88
1754,306897,116,0,74
1754,307061,117,0,83
1754,307866,117,0,73
1754,311917,114,0,61
1754,312537,114,0,88
1754,312782,116,0,60
1754,318933,102,0,62
1754,319047,117,0,81
1754,321942,116,0,80
1754,324002,117,0,80
1754,324084,114,0,66
1754,324282,117,0,64
1754,332789,117,0,72
1754,333059,117,0,73
1754,333323,117,0,71
1754,334259,118,0,49
1754,335764,117,0,86
1754,336207,115,0,65
1754,339972,115,0,52
1754,341872,114,0,63
1754,342514,107,0,79
1754,342972,112,0,53
1754,343446,117,0,78
1754,344282,116,0,47
1754,345068,117,0,80
1754,345357,111,0,81
1754,346025,117,0,82
1754,350188,117,0,76
1754,357668,117,0,59
1754,364177,117,0,75
1754,365244,117,0,59
1754,365642,115,0,77
1754,366483,114,0,82
1754,368194,117,0,58
1754,368824,116,0,68
1754,368963,94,0,73
1754,376439,133,0,89
1754,376581,116,0,62
1754,380953,115,0,68
1754,383254,116,0,85
1754,386924,117,0,80
1754,386952,116,0,71
1754,388722,128,0,70
1754,388885,116,0,54
1754,390890,118,0,54
1754,392756,117,0,55
1754,392931,127,0,75
1754,393207,116,0,75
1754,396872,125,0,68
1754,398552,117,0,47
1754,401869,125,0,65
1754,402470,114,0,80
1754,404804,107,0,52
1754,405088,124,0,71
1754,414117,124,0,70
1754,415969,124,0,60
1754,420087,124,0,72
1754,429958,117,0,59
1754,441018,116,0,54
1754,441888,117,0,70
1754,444677,117,0,85
1754,489455,113,0,69
1754,495284,116,0,68
1754,498857,117,0,72
1754,508818,117,0,81
1754,512460,113,0,83
1754,544103,117,0,80
1754,550383,117,0,76
1755,11391,164,0,85
1755,28400,164,0,64
1755,31604,165,0,88
1755,32885,181,0,35
1755,38053,166,0,50
1755,45462,166,0,75
1755,45642,166,0,73
1755,52130,173,0,72
1755,53025,161,0,80
1755,57506,166,0,80
1755,58873,166,0,73
1755,59185,166,0,88
1755,62155,164,0,70
1755,63400,166,0,76
1755,70464,164,0,61
1755,71361,165,0,77
1755,74372,166,0,49
1755,75091,170,0,65
1755,77367,173,0,67
1755,91265,170,0,73
1755,98094,157,0,61
1755,100893,171,0,74
1755,101781,165,0,66
1755,102806,166,0,78
1755,102952,166,0,73
1755,104476,166,0,77
1755,106577,173,0,38
1755,110175,165,0,53
1755,113295,173,0,75
1755,114017,165,0,72
1755,114999,171,0,80
1755,116541,173,0,60
1755,116692,163,0,78
1755,118983,166,0,63
1755,123044,166,0,70
1755,127582,173,0,75
1755,132976,165,0,72
1755,134143,165,0,86
1755,137873,161,0,78
1755,141355,173,0,71
1755,142326,165,0,71
1755,144801,166,0,75
1755,145130,177,0,48
1755,146188,183,0,43
1755,147756,172,0,71
1755,151358,164,0,53
1755,155550,170,0,61
1755,155854,165,0,81
1755,157568,181,0,60
1755,164259,168,0,73
1755,167906,173,0,72
1755,168936,166,0,54
1755,172112,180,0,72
1755,172797,172,0,66
1755,174782,164,0,83
1755,175392,164,0,93
1755,175932,165,0,82
1755,175991,166,0,32
1755,180753,164,0,59
1755,183096,166,0,52
1755,183947,170,0,54
1755,184271,158,0,53
1755,186149,171,0,55
1755,187100,164,0,90
1755,189879,166,0,83
1755,192183,165,0,75
1755,200860,159,0,53
1755,205350,166,0,65
1755,227499,163,0,84
1755,227517,165,0,63
1755,228082,166,0,77
1755,228222,179,0,66
1755,229179,165,0,73
1755,229361,165,0,82
1755,236284,166,0,78
1755,238007,166,0,86
1755,240712,166,0,70
1755,240884,165,0,54
1755,241649,153,0,78
1755,241729,165,0,64
1755,242793,166,0,85
1755,246834,166,0,52
1755,248270,175,0,80
1755,255548,177,0,60
1755,256815,170,0,79
1755,258392,173,0,54
1755,258894,169,0,72
1755,262011,180,0,75
1755,262934,165,0,72
1755,268073,165,0,75
1755,271251,166,0,83
1755,279572,164,0,79
1755,281022,170,0,77
1755,281250,165,0,40
1755,282821,176,0,74
1755,286488,172,0,70
1755,287548,165,0,70
1755,290201,166,0,58
1755,290757,165,0,80
1755,291334,165,0,86
1755,293699,174,0,38
1755,294570,163,0,82
1755,294594,164,0,53
1755,295741,164,0,54
1755,296332,159,0,88
1755,298696,165,0,85
1755,300398,152,0,76
1755,305386,166,0,80
1755,306107,166,0,70
1755,306466,165,0,76
1755,306897,173,0,39
1755,307061,166,0,82
1755,307866,173,0,68
1755,311917,166,0,67
1755,312537,163,0,85
1755,312782,165,0,50
1755,318933,156,0,68
1755,319047,166,0,80
1755,321942,161,0,80
1755,324002,165,0,85
1755,324084,166,0,72
1755,324282,166,0,74
1755,332789,165,0,78
1755,333059,166,0,74
1755,333323,166,0,71
1755,336207,163,0,75
1755,339972,165,0,37
1755,341872,172,0,70
1755,342514,150,0,85
1755,342972,164,0,57
1755,343446,173,0,77
1755,344282,165,0,42
1755,345068,166,0,80
1755,345357,164,0,85
1755,346025,165,0,85
1755,350188,166,0,72
1755,364177,161,0,72
1755,365244,166,0,50
1755,365642,165,0,70
1755,366483,162,0,54
1755,368194,177,0,50
1755,368824,165,0,39
1755,368963,164,0,74
1755,376439,166,0,94
1755,376581,171,0,68
1755,380953,162,0,75
1755,383254,180,0,69
1755,386924,166,0,65
1755,386952,173,0,64
1755,388722,165,0,66
1755,388885,158,0,59
1755,392756,166,0,54
1755,392931,166,0,67
1755,393207,165,0,80
1755,396872,173,0,54
1755,398552,165,0,42
1755,401869,172,0,68
1755,402470,164,0,68
1755,404804,161,0,40
1755,405088,166,0,72
1755,414117,166,0,82
1755,429958,166,0,60
1755,441018,166,0,65
1755,441888,166,0,77
1755,444677,166,0,89
1755,489455,163,0,74
1755,495284,173,0,76
1755,498857,166,0,75
1755,508818,166,0,73
1755,512460,173,0,75
1755,544103,166,0,81
1755,550383,166,0,79
1755,564450,165,0,63
1755,572652,166,0,68
1755,580389,172,0,68
1755,588775,166,0,86
1755,591774,166,0,78
1755,603861,174,0,69
1755,704156,166,0,56
1755,705379,167,0,78
1755,749412,150,0,78
1755,760729,163,0,82
1755,905042,165,0,80
1755,949618,164,0,72
1755,958987,169,0,77
1755,968578,174,0,72
1755,969076,166,0,36
1755,971027,164,0,55
1755,978739,170,0,58
1755,1035023,165,0,68
1755,1105478,166,0,82
1755,1402638,171,0,80
1755,1465690,164,0,87
1755,1472925,166,0,62
1755,1488959,167,0,64
1755,1518989,170,0,70
1755,1618738,164,0,83
1755,1626710,158,0,85
1755,1640609,165,0,85
1755,1729319,166,0,82
1755,1746134,156,0,83
1755,1765788,170,0,74
1755,1801229,169,0,78
1755,1801641,165,0,85
1755,1847830,165,0,73
1755,1860318,166,0,63
1755,1889511,166,0,78
1755,1889577,166,0,75
1755,1894188,163,0,70
1755,1938355,161,0,84
1755,1942396,168,0,65
1755,1970390,171,0,80
1755,2011876,166,0,77
1755,2012966,165,0,81
1755,2051699,178,0,67
1755,2062879,165,0,65
1755,2080474,173,0,60
1755,2083877,166,0,60
1755,2084066,181,0,52
1755,2104505,165,0,65
1755,2122180,174,0,79
1755,2143752,165,0,52
1755,2146792,166,0,76
1755,2153153,165,0,55
1755,2155014,180,0,79
1755,2171627,171,0,70
1755,2182846,165,0,70
1755,2194100,166,0,80
1755,2197016,163,0,76
1755,2208424,165,0,85
1755,2229865,166,0,78
1755,2268379,172,0,87
1755,2278464,172,0,54
1755,2293923,169,0,58
1755,2329342,166,0,44
1755,2339528,172,0,85
1755,2342426,173,0,78
1755,2344901,166,0,59
1755,2358056,165,0,68
1755,2364471,167,0,85
1755,2367155,166,0,86
1755,2369266,170,0,57
1755,2376496,166,0,76
1755,2391984,167,0,68
1755,2411661,168,0,42
1755,2412002,171,0,86
1755,2412967,171,0,72
1755,2437837,165,0,87
1755,2449878,181,0,55
1755,2457256,168,0,80
1755,2458355,166,0,92
1755,2460080,175,0,78
1755,2469673,187,0,30
1755,2479954,177,0,78
1755,2481901,164,0,70
1755,2482700,165,0,48
1755,2486127,163,0,77
1755,2498700,173,0,78
1755,2516503,165,0,78
1755,2518069,165,0,79
1755,2521459,180,0,67
1755,2523736,177,0,63
1755,2529279,169,0,85
1755,2532302,163,0,71
1755,2536991,170,0,82
1755,2550279,167,0,66
1755,2551220,173,0,63
1755,2555340,164,0,84
1755,2557283,165,0,92
1755,2559575,166,0,80
1755,2562034,166,0,65
1755,2566163,164,0,74
1755,2566592,165,0,70
1755,2574528,176,0,82
1755,2574583,166,0,65
1755,2578995,169,0,78
1755,2586560,175,0,77
1755,2594139,188,0,79
1755,2598871,164,0,73
1755,2599352,176,0,77
1755,2600688,164,0,77
1755,2606098,172,0,68
1755,2613116,164,0,84
1755,2617002,166,0,66
1755,2639540,171,0,82
1755,2639641,166,0,70
1755,2641155,165,0,80
1755,2643002,169,0,59
1755,2645733,166,0,89
1755,2649826,160,0,87
1755,2650282,166,0,85
1755,2664024,169,0,68
1755,2666246,166,0,76
1755,2669816,172,0,50
1755,2671132,165,0,69
1755,2678643,166,0,62
1755,2685865,171,0,82
1755,2688067,166,0,68
1755,2689958,166,0,82
1755,2691206,172,0,90
1755,2691244,170,0,54
1755,2694424,162,0,94
1755,2698257,166,0,67
1756,704156,215,0,70
1756,705379,213,0,80
1756,749412,212,0,65
1756,760729,213,0,83
1756,905042,219,0,80
1756,949618,214,0,48
1756,958987,214,0,78
1756,968578,215,0,76
1756,971027,214,0,68
1756,978739,215,0,58
1756,1035023,215,0,72
1756,1105478,216,0,76
1756,1402638,216,0,75
1756,1465690,215,0,76
1756,1472925,213,0,67
1756,1488959,217,0,51
1756,1518989,215,0,70
1756,1618738,212,0,67
1756,1626710,214,0,85
1756,1640609,212,0,86
1756,1729319,215,0,73
1756,1746134,214,0,85
1756,1765788,218,0,70
1756,1801229,215,0,78
1756,1801641,214,0,76
1756,1847830,214,0,64
1756,1860318,215,0,59
1756,1889511,215,0,64
1756,1889577,215,0,68
1756,1894188,209,0,69
1756,1938355,209,0,64
1756,1942396,215,0,63
1756,1970390,217,0,80
1756,1976139,214,0,40
1756,2011876,215,0,75
1756,2012966,214,0,82
1756,2051699,215,0,69
1756,2062879,215,0,65
1756,2080474,214,0,64
1756,2083877,215,0,75
1756,2104505,215,0,65
1756,2122180,215,0,85
1756,2143752,212,0,53
1756,2146792,215,0,68
1756,2153153,215,0,57
1756,2155014,215,0,77
1756,2171627,211,0,65
1756,2182846,213,0,68
1756,2194100,214,0,65
1756,2197016,214,0,76
1756,2208424,214,0,60
1756,2229865,215,0,80
1756,2268379,215,0,86
1756,2278464,215,0,35
1756,2293923,211,0,65
1756,2329342,215,0,72
1756,2339528,214,0,81
1756,2342426,215,0,80
1756,2358056,216,0,76
1756,2364471,220,0,72
1756,2367155,211,0,64
1756,2369266,216,0,56
1756,2376496,215,0,85
1756,2411661,215,0,40
1756,2412002,215,0,89
1756,2412967,215,0,79
1756,2437837,214,0,72
1756,2449878,215,0,65
1756,2457256,215,0,65
1756,2458355,215,0,92
1756,2460080,214,0,68
1756,2469673,214,0,45
1756,2479954,215,0,78
1756,2481901,214,0,72
1756,2482700,214,0,65
1756,2486127,219,0,78
1756,2498700,219,0,81
1756,2516503,215,0,80
1756,2518069,203,0,75
1756,2521459,215,0,70
1756,2529279,212,0,79
1756,2532302,212,0,40
1756,2536991,215,0,98
1756,2550279,221,0,64
1756,2551220,215,0,63
1756,2555340,214,0,80
1756,2557283,214,0,79
1756,2559575,214,0,73
1756,2562034,223,0,70
1756,2566163,215,0,78
1756,2566592,214,0,86
1756,2574528,215,0,82
1756,2574583,215,0,77
1756,2578995,215,0,80
1756,2586560,212,0,67
1756,2594139,215,0,62
1756,2598871,212,0,80
1756,2599352,215,0,73
1756,2600688,215,0,65
1756,2606098,215,0,78
1756,2613116,214,0,84
1756,2617002,215,0,71
1756,2639449,215,0,40
1756,2639540,215,0,81
1756,2639641,214,0,75
1756,2641155,214,0,78
1756,2643002,215,0,25
1756,2645733,215,0,73
1756,2649826,208,0,88
1756,2650282,238,0,84
1756,2664024,219,0,78
1756,2666246,214,0,78
1756,2669816,215,0,35
1756,2671132,207,0,69
1756,2678643,216,0,66
1756,2685865,215,0,77
1756,2688067,215,0,76
1756,2689958,215,0,82
1756,2691206,215,0,85
1756,2691244,213,0,62
1756,2694424,215,0,60
1756,2698257,215,0,74
1756,11391,212,0,82
1756,28400,212,0,60
1756,31604,213,0,75
1756,32885,222,0,75
1756,38053,215,0,68
1756,45462,216,0,68
1756,45642,227,0,73
1756,52130,215,0,70
1756,53025,212,0,81
1756,57506,214,0,68
1756,58873,215,0,78
1756,59185,215,0,89
1756,62155,213,0,77
1756,63400,215,0,79
1756,70464,198,0,38
1756,71361,215,0,75
1756,75091,212,0,65
1756,77367,215,0,64
1756,91265,220,0,57
1756,98094,202,0,62
1756,100893,218,0,66
1756,101781,213,0,74
1756,102806,215,0,60
1756,102952,215,0,81
1756,104476,215,0,78
1756,106577,215,0,65
1756,110175,215,0,69
1756,111717,215,0,83
1756,113295,222,0,78
1756,114017,214,0,71
1756,114999,214,0,54
1756,116541,220,0,50
1756,116692,208,0,72
1756,118983,215,0,45
1756,123044,215,0,68
1756,127582,215,0,67
1756,132976,215,0,62
1756,134143,215,0,81
1756,137873,215,0,87
1756,141355,215,0,71
1756,142326,212,0,82
1756,144801,216,0,79
1756,145130,215,0,63
1756,146188,215,0,40
1756,151358,212,0,50
1756,155550,215,0,65
1756,155854,214,0,78
1756,157568,215,0,59
1756,164259,214,0,68
1756,167906,215,0,75
1756,168936,215,0,61
1756,172112,215,0,75
1756,172797,213,0,60
1756,174782,213,0,80
1756,175392,213,0,78
1756,175932,214,0,82
1756,175991,239,0,35
1756,180753,209,0,44
1756,183096,215,0,57
1756,183947,215,0,43
1756,184271,212,0,54
1756,186149,215,0,81
1756,187100,213,0,90
1756,189879,209,0,70
1756,192183,215,0,58
1756,200860,217,0,33
1756,205350,215,0,75
1756,227499,215,0,83
1756,227517,215,0,54
1756,228082,215,0,82
1756,228222,215,0,60
1756,229179,214,0,55
1756,229361,214,0,76
1756,231554,216,0,66
1756,236284,219,0,60
1756,238007,215,0,86
1756,240712,215,0,66
1756,240884,210,0,54
1756,241649,215,0,85
1756,241729,214,0,61
1756,242793,215,0,84
1756,246834,215,0,52
1756,248270,219,0,82
1756,255548,219,0,54
1756,256815,210,0,80
1756,258392,214,0,61
1756,258894,215,0,54
1756,262011,215,0,71
1756,262934,214,0,75
1756,268073,214,0,73
1756,271251,215,0,85
1756,279572,210,0,83
1756,281022,215,0,74
1756,281250,209,0,52
1756,282821,215,0,43
1756,286488,219,0,80
1756,287548,214,0,70
1756,290201,215,0,72
1756,290757,215,0,70
1756,291334,215,0,78
1756,293699,215,0,41
1756,294570,210,0,77
1756,294594,213,0,43
1756,295741,220,0,55
1756,296332,214,0,66
1756,298696,215,0,87
1756,300398,208,0,77
1756,305386,215,0,76
1756,306107,215,0,40
1756,306466,215,0,87
1756,306897,214,0,55
1756,307061,215,0,83
1756,311917,223,0,67
1756,312537,213,0,88
1756,312782,215,0,56
1756,318933,204,0,70
1756,319047,215,0,79
1756,321942,210,0,80
1756,324002,214,0,83
1756,324084,213,0,57
1756,324282,213,0,72
1756,332789,215,0,76
1756,333059,214,0,40
1756,333323,215,0,75
1756,336207,215,0,63
1756,339972,221,0,48
1756,341872,215,0,60
1756,342514,201,0,80
1756,342972,213,0,73
1756,343446,215,0,86
1756,344282,214,0,43
1756,345068,216,0,85
1756,345357,215,0,91
1756,346025,213,0,85
1756,350188,215,0,71
1756,365244,215,0,56
1756,365642,214,0,72
1756,366483,214,0,90
1756,368194,215,0,41
1756,368824,215,0,42
1756,368963,213,0,68
1756,376439,215,0,89
1756,376581,215,0,88
1756,380953,214,0,65
1756,383254,214,0,81
1756,386924,216,0,70
1756,386952,215,0,75
1756,388722,214,0,64
1756,388885,215,0,64
1756,392756,215,0,38
1756,392931,216,0,72
1756,393207,214,0,74
1756,396872,215,0,60
1756,398552,215,0,40
1756,401869,215,0,75
1756,402470,213,0,61
1756,404804,194,0,30
1756,405088,214,0,86
1756,414117,222,0,77
1756,429958,215,0,58
1756,441018,215,0,66
1756,441888,214,0,68
1756,444677,215,0,84
1756,489455,211,0,68
1756,495284,214,0,57
1756,498857,215,0,73
1756,508818,215,0,54
1756,512460,214,0,67
1756,544103,214,0,82
1756,550383,220,0,87
1756,564450,215,0,52
1756,572652,215,0,76
1756,580389,215,0,67
1756,588775,213,0,81
1756,591774,215,0,60
1756,603861,222,0,71
